SDSS_id;SN_type;IAUC_id;Ra;Dec;redshift;Peak_MJD
SN5;SNIa;2004hz;2:5:3.00;+0:50:11.9;0.1426704;53281.6
SN9;SNII;2004hv;23:48:25.95;+1:3:50.3;;53277
SN10;SNIa;2004hw;23:51:17.34;+1:13:39.4;0.0599379;53233
SN12;SNII;2004hy;21:6:4.25;+1:12:57.0;0.0580526;53270
SN13;;;0:33:29.98;+0:45:11.5;0.0598764;53270
SN15;SNIa;2004hu;1:15:2.44;+0:15:42.9;0.047806;53254
SN17;;;0:46:5.56;-0:33:48.0;;53254
SN18;SNII;2004hx;2:41:12.60;-0:52:46.0;0.0381235;53275
SN19;SNIa;2004id;0:6:29.63;-0:28:22.4;0.1506;53294.7
SN20;SNIb;2004ib;2:40:56.40;-0:10:48.3;;53290
SN21;;;2:31:28.49;-0:12:34.7;;53290
SN23;;;3:24:30.68;+0:38:29.0;;53290
SN24;SNII;2004ht;1:4:48.67;-0:53:45.5;0.0648771;53283
SN25;SNIa;2004if;22:39:8.53;-0:51:54.7;;53284.4
SN30;SNIa;2004ia;2:18:2.30;-0:33:32.4;0.1437062;53284.7
SN36;;;23:56:15.66;+0:20:9.0;0.0737414;53284.7
SN40;;;1:54:22.51;+0:41:2.3;;53284.7
SN42;;;1:41:18.09;+0:50:24.4;;53284.7
SN43;;;1:31:30.62;+0:39:51.3;0.1613438;53284.7
SN45;;;1:9:45.07;-0:35:44.5;0.1951614;53284.7
SN50;;;1:14:37.47;+0:39:4.4;0.3553262;53284.7
SN56;;;1:0:13.85;-1:1:37.6;0.1399249;53284.7
SN59;;;0:1:47.15;-0:54:24.8;;53284.7
SN60;;;23:0:27.47;+0:40:32.7;0.24617;53284.7
SN61;;;22:23:22.44;+0:46:19.1;0.2208109;53284.7
SN63;;;22:53:31.39;+0:48:25.3;0.0724548;53284.7
SN64;;;21:24:50.98;+0:12:59.0;;53284.7
SN68;;;21:45:31.21;-0:32:21.7;;53284.7
SN71;;;21:54:57.53;+0:50:40.7;0.2176657;53284.7
SN83;SNIa;2004ie;22:1:46.58;+1:14:12.0;0.051336;53295
SN85;;;22:52:55.78;+0:37:47.0;;53295
SN87;;;22:46:8.58;-0:9:38.9;;53295
SN111;SNII;2004ic;20:40:48.05;+1:2:34.0;0.0933726;53287
SN123;;;1:39:39.55;-0:36:28.6;0.214;53287
SN128;SNIa;2004ih;2:15:54.31;+1:4:10.0;;53303.7
SN133;SNIa;2004ig;0:5:51.79;-0:59:45.1;0.1830107;53306.7
SN138;;;0:18:15.76;+0:16:32.3;0.5761149;53306.7
SN139;;;1:2:39.79;+1:4:17.3;;53306.7
SN140;;;3:14:18.40;+1:9:0.3;;53306.7
SN141;;;1:41:27.05;+1:4:33.9;;53306.7
SN157;;;23:23:37.16;+0:25:22.9;0.0800726;53306.7
SN166;;;1:30:38.78;+0:45:54.1;0.0802023;53306.7
SN171;SNIa;2004io;21:23:37.39;-0:28:0.6;;53319.7
SN172;SNIa;2004ii;0:16:51.80;-0:24:56.9;;53311.6
SN176;SNIa;2004im;23:43:7.78;-0:7:55.5;0.1361;53318.6
SN191;SNIa;2004il;3:7:2.70;-0:0:40.2;0.1071866;53316.9
SN194;SNIa;2004in;1:30:26.06;+0:41:32.4;0.1604386;53317.6
SN198;;;23:44:12.82;-0:29:21.7;;53317.6
SN223;;;22:36:23.74;+0:14:11.7;;53317.6
SN233;;;1:38:35.81;+0:12:26.3;0.1249921;53317.6
SN236;;;1:46:32.30;+0:15:57.2;0.4087361;53317.6
SN240;;;1:57:47.64;-0:29:50.3;0.0802687;53317.6
SN242;SNIa;2004ik;1:44:55.51;-0:5:58.2;;53327.8
SN246;;;2:11:57.30;-0:3:26.7;;53327.8
SN247;SNIa;2004ij;1:21:11.54;-0:55:9.3;;53323.8
SN700;;;22:22:19.06;-0:31:8.4;0.5965593;53323.8
SN702;;;22:26:6.17;-0:32:32.5;0.5783793;53323.8
SN952;;;0:15:0.02;+0:19:8.8;0.4614953;53323.8
SN948;;;3:38:59.83;-0:34:52.5;1.299859;53323.8
SN933;;;1:58:5.12;-0:37:44.3;0.5848775;53323.8
SN708;;;22:40:28.35;+0:46:49.3;0.2140757;53323.8
SN719;;;23:37:3.71;+0:38:12.8;0.4855112;53323.8
SN722;SNIa;2005ed;0:2:49.37;+0:45:4.4;0.0865249;53608
SN730;;;0:21:41.01;+0:38:41.8;0.3083147;53608
SN734;;;0:26:14.28;-0:59:20.8;0.3729235;53608
SN739;SNIa;2005ef;0:58:22.88;+0:40:44.6;0.1076631;53606.9
SN744;SNIa;2005ei;21:56:47.64;+0:19:3.0;0.1278;53608.5
SN762;SNIa;2005eg;1:2:8.48;-0:52:44.3;0.1913979;53622.4
SN768;;;1:21:59.80;-1:2:24.3;0.0543542;53622.4
SN774;SNIa;2005ex;1:41:51.23;-0:52:35.0;0.0934891;53608
SN800;;;3:11:58.71;+0:48:47.9;0.4389109;53608
SN835;;;23:0:7.26;+0:17:39.5;0.2649384;53608
SN853;;;23:39:34.73;-0:29:19.5;0.3564497;53608
SN870;;;22:11:10.99;-0:9:53.2;0.6667835;53608
SN873;;;22:31:22.93;-0:6:18.3;0.5499141;53608
SN976;;;22:6:32.23;+1:10:54.3;0.5148743;53608
SN1032;SNIa;2005ez;3:7:10.97;+1:7:10.4;0.1297552;53624.2
SN1033;;;3:10:45.09;+1:6:30.5;2.043319;53624.2
SN1040;;;3:17:15.79;+1:3:59.0;0.2973899;53624.2
SN1472;SNII;2005lc;3:2:11.18;-1:9:59.5;0.0136066;53623
SN1112;SNIa;2005fg;22:36:4.23;-0:22:30.7;0.2576352;53627.2
SN1114;SNII;2005lb;22:54:50.05;-0:15:9.0;0.0245;53618
SN1119;SNIa;2005fc;21:21:39.25;+0:53:40.8;0.2974;53623.5
SN1135;;;0:29:47.82;-0:22:58.6;0.2286124;53623.5
SN1138;;;22:35:49.58;+0:56:38.0;0.3365114;53623.5
SN1155;;;0:7:50.50;+0:58:15.2;0.3452416;53623.5
SN1162;;;1:19:35.29;-0:20:33.5;0.8575295;53623.5
SN1166;SNIa;;0:37:25.36;+0:58:23.8;0.3824;53628.1
SN1179;;;1:12:40.52;+0:54:28.2;0.236406;53628.1
SN1189;;;1:51:0.77;+0:56:34.9;0.4914913;53628.1
SN1193;;;2:12:47.97;-0:22:56.7;0.4236628;53628.1
SN1204;;;2:12:19.54;+0:58:40.9;0.4559935;53628.1
SN1213;;;2:39:16.85;+0:51:53.9;0.5376862;53628.1
SN1241;SNIa;2005ff;22:30:41.41;-0:46:35.7;0.0902;53635
SN1253;SNIa;2005fd;21:35:11.77;+0:9:47.1;0.262;53630.1
SN1271;;;21:49:15.32;+0:3:4.4;0.5404508;53630.1
SN1278;;;21:59:49.01;+0:10:4.8;0.2716729;53630.1
SN1284;;;22:2:25.39;+0:9:2.6;0.578189;53630.1
SN1288;;;21:35:42.14;+0:33:7.2;0.1199073;53630.1
SN1294;;;21:45:18.38;+0:34:23.1;0.20665;53630.1
SN1297;;;21:46:50.96;+0:32:34.0;0.3352209;53630.1
SN1316;SNIa;2005fe;22:19:27.32;+0:29:40.0;0.2166;53618.5
SN1334;;;22:50:36.73;+0:7:59.7;0.4313643;53618.5
SN1371;SNIa;2005fh;23:17:29.72;+0:25:45.8;0.1190857;53632.8
SN1373;;;23:22:5.45;+0:27:26.3;0.3474773;53632.8
SN1375;;;0:23:27.68;+0:9:57.0;0.5336919;53632.8
SN1386;;;0:37:23.49;+0:8:12.7;0.2517278;53632.8
SN1408;;;0:12:7.47;+0:27:7.2;0.4138195;53632.8
SN1414;;;0:23:11.05;+0:35:17.7;0.4223163;53632.8
SN1418;;;0:28:39.77;+0:35:42.5;0.6864961;53632.8
SN1428;;;1:21:28.08;+0:34:50.6;0.328558;53632.8
SN1437;;;2:3:37.12;+0:30:59.5;0.5105293;53632.8
SN1508;;;2:43:22.61;+0:10:44.1;0.3735302;53632.8
SN1543;;;0:55:15.79;-0:49:52.7;0.4591559;53632.8
SN1552;;;1:35:27.84;-0:44:47.9;0.0803266;53632.8
SN1568;;;2:14:34.78;-0:42:42.5;0.4367899;53632.8
SN1573;;;2:33:57.57;-0:40:2.9;0.4931247;53632.8
SN1574;;;2:37:33.50;-0:42:29.3;0.6017854;53632.8
SN1575;;;2:45:38.30;-0:47:5.4;0.4884185;53632.8
SN1580;SNIa;2005fb;3:1:17.54;-0:38:38.6;0.184;53632.7
SN1610;;;22:9:9.76;-0:27:21.2;0.539073;53632.7
SN1632;SNII;;21:30:54.23;-0:8:2.2;0.0575242;53627
SN1673;;;21:59:20.98;-1:2:12.3;0.3585576;53627
SN1677;;;22:15:12.14;-0:51:52.4;0.5194281;53627
SN1686;SNIa?(SP);;0:8:59.60;-0:12:37.3;0.1364;53630.4
SN1688;SNIa;;21:25:25.86;+0:19:28.4;0.3587;53626.5
SN1713;;;20:49:36.47;+0:50:4.8;0.4751897;53626.5
SN1760;;;21:38:9.98;+0:21:30.7;0.3939839;53626.5
SN1761;;;0:2:36.24;-0:27:24.7;0.2913462;53626.5
SN1785;;;20:58:17.10;-0:34:10.0;0.4508421;53626.5
SN1787;;;21:1:15.00;-0:31:50.6;0.5197487;53626.5
SN1794;SNIa;2005fj;21:11:20.84;-0:26:43.2;0.1426;53621.7
SN1909;;;20:48:26.80;+0:57:37.8;0.4850703;53621.7
SN1987;;;22:25:32.86;+0:57:14.9;0.6254623;53621.7
SN1992;;;22:40:10.72;+0:54:9.4;0.3774505;53621.7
SN2000;SNIb;2005hl;20:55:19.79;+0:32:34.8;0.0231815;53632
SN2017;SNIa;2005fo;21:55:46.40;+0:35:36.7;0.2616;53633
SN2030;SNIa;2005fl;20:47:21.98;-1:15:11.8;0.2336;53611.8
SN2031;SNIa;2005fm;20:48:10.37;-1:10:17.1;0.153;53634.9
SN2049;;;21:41:2.31;-1:8:51.0;0.6241447;53634.9
SN2053;SNIc;2005fk;21:15:19.84;-0:22:58.6;0.2643;53630
SN2102;SNIa;2005fn;20:48:53.03;+0:11:28.1;0.0951;53620
SN2125;;;22:23:2.72;+0:4:37.8;0.2988878;53620
SN2146;;;1:2:33.62;-0:29:3.2;0.3659261;53620
SN2165;SNIa;2005fr;1:8:22.02;-0:5:46.5;0.288;53629.8
SN2223;;;3:41:31.93;-0:9:33.1;0.2230643;53629.8
SN2243;;;2:39:13.59;-0:51:22.3;0.5914314;53629.8
SN2246;SNIa;2005fy;3:20:21.70;-0:53:8.1;0.1949;53625.9
SN2249;;;1:22:6.66;-0:30:43.7;0.2167217;53625.9
SN2299;;;1:32:1.09;+0:23:24.7;0.5341222;53625.9
SN2301;;;1:40:40.71;+0:17:58.3;0.4047664;53625.9
SN2308;SNIa;2005ey;2:17:5.49;+0:16:49.1;0.148;53627.8
SN2311;;;2:33:8.99;+0:15:46.8;0.2891444;53627.8
SN2330;SNIa;2005fp;0:27:13.71;+1:7:14.2;0.2132;53632.8
SN2364;;;0:39:1.45;-0:35:44.3;0.8534667;53632.8
SN2366;SNII;2005fq;0:53:44.04;-0:33:36.8;0.1454;53627
SN2371;;;2:39:58.51;-0:31:49.3;0.0516669;53627
SN2372;SNIa;2005ft;2:42:4.97;-0:32:27.1;0.1805;53635.7
SN2422;SNIa;2005fi;0:7:58.69;+0:38:17.5;0.265;53637.2
SN2440;SNIa;2005fu;2:50:32.10;+0:48:28.1;0.193;53632.3
SN2482;;;20:48:44.21;-0:47:21.4;0.4657151;53632.3
SN2503;;;21:58:47.39;-0:44:9.0;0.5893483;53632.3
SN2533;SNIa;2005fs;2:4:52.97;-0:19:35.3;0.34;53634.9
SN2561;SNIa;2005fv;3:5:22.42;+0:51:30.1;0.1181294;53637.9
SN2578;;;23:9:40.41;-0:48:20.4;0.2473086;53637.9
SN2610;;;3:34:53.96;+0:35:11.8;0.4283462;53637.9
SN2633;;;3:8:25.19;-1:9:14.9;0.1089716;53637.9
SN2635;SNIa;2005fw;3:30:49.03;-1:14:17.1;0.1437;53638.7
SN2661;SNII;;23:32:49.80;+0:5:50.0;0.1925;53632.5
SN2689;SNIa;2005fa;1:39:36.07;-0:45:31.4;0.1614894;53634.8
SN2700;;;0:41:58.54;+0:3:10.4;0.5107588;53634.8
SN2707;;;0:51:28.91;+0:8:53.0;0.8209925;53634.8
SN2744;SNIb;2005hm;21:39:0.64;-1:1:38.6;0.035;53645
SN2775;;;3:35:2.21;-0:56:38.1;0.1931237;53645
SN2789;SNIa;2005fx;22:56:48.35;+0:24:4.0;0.2903;53631.8
SN2849;;;0:23:9.34;-0:19:5.1;0.7662417;53631.8
SN2875;;;0:45:15.45;-1:13:17.7;1.596473;53631.8
SN2907;;;2:25:34.76;-1:15:25.8;0.3653975;53631.8
SN2908;;;2:27:21.25;-1:4:45.8;0.618252;53631.8
SN2916;SNIa;2005fz;21:3:41.21;+0:34:10.4;0.1242;53642
SN2943;SNIa;2005go;1:10:49.19;+1:0:28.6;0.2654;53639
SN2955;;;1:30:15.10;+0:25:57.3;0.3364525;53639
SN2992;SNIa;2005gp;3:41:59.29;-0:46:57.6;0.1266043;53638.9
SN3044;;;21:10:35.51;+0:22:55.5;0.4443361;53638.9
SN3080;SNIa;2005ga;1:7:43.76;-1:2:22.2;0.175;53645.9
SN3087;SNIa;2005gc;1:21:37.61;-0:58:38.0;0.1656;53647.7
SN3134;;;21:29:16.55;-0:50:32.0;0.3734351;53647.7
SN3157;;;21:46:35.03;-0:50:44.8;0.4935758;53647.7
SN3183;;;22:39:53.66;-0:41:12.1;0.6196988;53647.7
SN3199;SNIa;2005gs;22:13:10.25;+1:3:1.9;0.2511;53644.1
SN3212;;;22:49:33.06;+1:4:55.9;0.2644238;53644.1
SN3241;SNIa?(SP);2005gh;20:50:36.35;-0:21:14.7;0.2590819;53644.2
SN3256;SNIa;2005hn;21:57:4.25;-0:13:24.6;0.1076;53650.9
SN3295;;;2:44:27.11;+0:22:50.8;0.697616;53650.9
SN3310;;;1:33:52.62;+1:13:45.4;0.3079673;53650.9
SN3317;SNIa;2005gd;1:47:51.03;+0:38:26.2;0.1611;53645.8
SN3320;;;1:57:17.73;+0:41:8.5;0.389182;53645.8
SN3327;;;2:8:12.64;+0:41:55.9;0.6940545;53645.8
SN3331;SNIa?(SP);2005ge;2:18:14.73;+0:47:47.6;0.2134;53646.4
SN3367;;;20:47:50.44;+0:26:7.0;0.6163294;53646.4
SN3377;SNIa;2005gr;3:36:37.48;+1:4:45.0;0.2451;53642.1
SN3407;;;20:44:59.91;+0:55:40.7;0.3099604;53642.1
SN3418;;;23:27:43.72;+0:28:37.1;0.5229698;53642.1
SN3444;;;21:54:25.63;+0:43:15.8;0.3787101;53642.1
SN3451;SNIa;2005gf;22:16:16.62;+0:42:29.3;0.25;53642.3
SN3452;SNIa;2005gg;22:18:41.16;+0:38:21.1;0.2304;53645.3
SN3519;;;23:46:48.39;-1:1:16.3;0.4242512;53645.3
SN3521;;;0:16:5.95;-1:2:7.0;0.4162504;53645.3
SN3542;;;3:36:51.52;-0:10:24.6;0.1868559;53645.3
SN3592;SNIa;2005gb;1:16:12.58;+0:47:31.0;0.0864215;53645
SN3601;;;22:17:15.71;+0:56:30.4;0.3202188;53645
SN3720;;;0:15:41.45;-0:47:24.1;0.1534552;53645
SN3771;;;0:13:46.52;+0:34:3.2;0.2739586;53645
SN3779;;;0:21:27.56;+0:35:32.4;0.3266808;53645
SN3818;SNII;2005gi;0:55:52.68;+0:30:17.8;0.0505336;53642
SN3850;;;23:26:12.05;+0:3:23.3;0.3464867;53642
SN3894;;;0:46:16.68;+0:2:49.2;0.4530999;53642
SN3901;SNIa;2005ho;0:59:24.10;+0:0:9.3;0.0628244;53657
SN3910;;;1:14:29.59;+0:0:36.9;0.3893454;53657
SN3949;;;2:39:57.04;+0:32:42.9;0.216485;53657
SN3998;;;1:53:11.59;-0:22:41.3;0.4461282;53657
SN4000;SNIa;2005gt;2:4:3.84;-0:21:57.0;0.2786;53635.8
SN4012;SNIc;;3:13:47.74;-0:14:37.0;0.0252;53646
SN4046;SNIa;2005gw;23:37:59.60;+0:38:31.6;0.277;53643.1
SN4064;SNIa?(SP);;3:4:26.33;+1:2:47.1;0.156453;53646.8
SN4089;;;3:10:59.52;+0:46:51.9;0.4112672;53646.8
SN4111;;;22:39:59.04;+0:51:38.4;0.3839968;53646.8
SN4144;;;1:17:20.55;-1:3:37.8;1.008594;53646.8
SN4207;;;23:42:5.73;-0:36:33.6;0.7227208;53646.8
SN4241;SNIa;2005gu;0:48:57.05;-0:54:20.7;0.332;53634.9
SN4258;;;23:26:27.21;+0:55:18.8;1.58385;53634.9
SN4321;;;3:34:31.31;+0:51:21.6;0.4293435;53634.9
SN4350;;;0:46:30.38;+0:52:31.9;0.5014147;53634.9
SN4356;;;0:20:30.31;-0:32:59.9;0.3723988;53634.9
SN4488;;;1:57:52.42;-0:36:53.5;0.1898351;53634.9
SN4524;SNIa;2005gj;3:1:11.95;-0:33:13.9;0.0616;53658
SN4538;;;3:32:1.83;-0:36:53.3;0.4056893;53658
SN4541;;;3:41:11.57;-0:31:19.4;0.478954;53658
SN4564;;;2:2:23.62;+0:18:56.1;0.366476;53658
SN4577;SNIa;2005gv;2:33:54.13;+0:16:50.6;0.363;53642.8
SN4623;;;2:29:16.43;+0:26:58.7;0.3328887;53642.8
SN4641;;;1:58:51.37;-0:49:9.7;2.850322;53642.8
SN4679;SNIa;2005gy;1:26:6.80;+0:40:36.7;0.3324;53648.9
SN4701;;;1:37:28.36;-0:17:27.2;0.6210372;53648.9
SN4709;;;1:58:45.79;-0:21:38.4;0.5648183;53648.9
SN4991;;;23:6:54.96;+0:47:15.7;0.4467128;53648.9
SN5007;;;23:23:29.14;+0:45:48.5;0.4522373;53648.9
SN5018;;;23:38:53.82;+0:48:12.6;0.1699834;53648.9
SN5103;SNIa;2005gx;23:59:32.27;+0:44:13.8;0.1619;53653.9
SN5183;SNIa;2005gq;3:33:48.97;+0:42:33.7;0.3898;53647.1
SN5244;;;22:53:38.77;+0:41:9.1;0.6371264;53647.1
SN5261;;;2:9:29.83;-0:56:2.8;0.4272004;53647.1
SN5329;;;3:32:16.76;+0:30:29.8;0.4223221;53647.1
SN5350;SNIa;2005hp;20:28:52.60;-0:46:45.2;0.1754;53656.9
SN5391;SNIa;2005hs;3:29:22.08;-1:5:40.9;0.3009;53656.2
SN5393;;;2:3:51.49;+0:10:51.3;-0.0033195;53656.2
SN5395;SNIa;2005hr;3:18:33.83;+0:7:24.0;0.117;53662.8
SN5477;;;3:2:48.78;+0:21:31.7;0.1068852;53662.8
SN6100;SNIa;2005ka;22:13:55.95;+1:5:11.4;0.3177;53660.9
SN5490;;;22:5:9.51;-0:48:20.4;0.0980735;53660.9
SN5512;;;22:13:11.04;+0:7:24.7;0.408751;53660.9
SN5533;SNIa;2005hu;21:54:40.79;+0:24:48.3;0.2197;53663.5
SN5544;;;23:47:47.44;+0:13:37.1;0.4290373;53663.5
SN5549;SNIa;2005hx;0:13:0.13;+0:14:53.6;0.121;53664.8
SN5550;SNIa;2005hy;0:14:23.59;+0:19:59.0;0.1561;53669.8
SN5582;;;22:25:15.32;+1:3:40.6;0.6082374;53669.8
SN5588;SNIa;2005hw;0:9:28.47;+1:9:17.8;0.4102;53658.7
SN5635;SNIa;2005hv;22:12:43.86;-0:2:5.7;0.1795;53660.9
SN5668;;;23:12:0.50;-0:36:17.3;0.4369676;53660.9
SN5717;SNIa;2005ia;1:11:35.03;-0:0:21.2;0.2517;53661.1
SN5736;SNIa;2005jz;1:31:27.06;-0:37:53.8;0.253;53662.4
SN5737;SNIa;2005ib;1:31:25.69;-0:36:12.2;0.393;53660.1
SN5751;SNIa;2005hz;0:46:32.20;+0:50:17.6;0.1308;53663.6
SN5757;;;20:20:33.65;+0:11:33.3;0.1751;53663.6
SN5793;;;21:58:41.93;-1:15:0.3;0.3573346;53663.6
SN5796;;;22:21:32.42;-1:9:28.6;0.2879867;53663.6
SN5801;;;22:40:28.85;-1:6:49.8;0.1270045;53663.6
SN5821;SNIa?(SP);2005hq;20:50:19.78;-0:49:31.0;0.4008;53653.2
SN5844;SNIa;2005ic;21:51:8.69;-0:50:34.6;0.3108;53657.4
SN5866;;;1:46:44.83;-0:40:43.0;0.0823668;53657.4
SN5886;;;2:21:46.36;-0:45:11.8;0.3569324;53657.4
SN5916;SNIa?(SP);2005is;0:21:44.97;-0:19:30.0;0.1746;53660.7
SN5923;;;1:40:9.89;-1:9:5.0;0.4703578;53660.7
SN5935;;;1:42:59.93;-0:23:54.8;0.6308047;53660.7
SN5937;;;1:49:53.24;-0:25:29.9;0.668231;53660.7
SN5944;SNIa;2005hc;1:56:47.95;-0:12:49.4;0.0458902;53667
SN5946;;;2:33:35.38;-1:7:44.5;0.3675045;53667
SN5957;SNIa;2005ie;2:19:2.54;-0:16:22.2;0.2796;53662.8
SN5966;SNIa;2005it;1:4:45.69;+0:30:50.1;0.3096869;53653.5
SN5969;;;1:33:35.70;+0:32:33.2;0.3431664;53653.5
SN5990;;;22:10:3.68;-0:50:54.7;0.3881376;53653.5
SN5991;;;1:41:50.60;+0:7:54.4;1.342481;53653.5
SN5994;SNIa;2005ht;20:50:24.61;-0:10:4.4;0.187;53662.2
SN6057;SNIa;2005if;3:30:12.86;-0:58:28.5;0.0670718;53662
SN6077;;;3:45:28.92;-0:44:29.4;0.7135442;53662
SN6108;SNIa;2005ih;0:7:13.58;+0:20:56.3;0.2595;53673
SN6127;SNIa;2005iw;22:29:17.76;-0:5:32.5;0.28;53664.5
SN6137;SNIa;2005iv;20:31:44.67;+0:14:41.1;0.3001;53665.2
SN6146;;;21:28:43.43;+0:24:35.9;0.3464854;53665.2
SN6192;SNIa;2005jy;23:13:51.60;+1:15:25.2;0.272;53669.5
SN6196;SNIa;2005ig;22:30:31.48;-0:30:9.6;0.2807;53664.3
SN6212;;;22:2:28.64;+0:49:2.1;1.448146;53664.3
SN6249;SNIa;2005ii;0:13:3.73;-0:37:12.4;0.2944;53670.7
SN6270;;;2:24:48.84;-0:46:38.8;2.187937;53670.7
SN6272;;;2:40:52.83;-0:41:10.8;0.2468748;53670.7
SN6273;;;3:0:44.43;-0:38:20.4;0.5990342;53670.7
SN6281;;;20:52:12.29;-0:26:45.1;0.2673957;53670.7
SN6295;SNIa;2005js;1:34:41.51;-0:36:19.4;0.0795632;53664.7
SN6304;SNIa;2005jk;1:45:59.43;+1:11:45.4;0.1908;53671.7
SN6315;SNIa;2005ix;20:41:55.88;+1:5:31.2;0.267;53674.2
SN6321;;;2:36:35.19;+0:54:12.7;0.4982491;53674.2
SN6406;SNIa;2005ij;3:4:21.27;-1:3:46.7;0.1244884;53672.8
SN6422;SNIa;2005id;23:16:33.31;-0:39:47.6;0.184;53665.4
SN6471;SNII;;20:37:32.67;+0:29:41.8;0.2016;53664.6
SN10805;SNIa;2005ku;22:59:42.61;-0:0:49.4;0.0454156;53698
SN6500;;;20:57:52.48;+0:6:35.8;1.132479;53698
SN6558;;2005hj;1:26:48.40;-1:14:17.3;0.0574186;53698
SN6649;SNIa;2005jd;2:17:6.21;+0:32:5.4;0.314;53673.9
SN6685;;;21:51:30.37;+0:35:22.4;0.3400219;53673.9
SN6696;SNIa?(SP);;22:36:19.04;+0:28:45.3;0.2379;53668.5
SN6699;SNIa;2005ik;21:31:15.59;-1:3:25.1;0.3106;53671.6
SN6742;;;22:43:22.98;-0:16:58.5;0.2595936;53671.6
SN6773;SNIa;2005iu;20:20:15.60;+0:13:2.4;0.0903;53679
SN6777;SNIa;2005iy;21:24:51.95;+0:23:8.2;0.4043;53657.1
SN6780;SNIa;2005iz;21:52:16.47;+0:16:1.4;0.202;53662.8
SN6852;SNIa?(SP);2005jf;3:33:40.76;-0:6:43.6;0.3006;53671
SN6924;SNIa;2005ja;23:55:52.64;+0:52:37.1;0.328;53667.4
SN6933;SNIa;2005jc;0:45:24.41;+1:4:32.1;0.213;53677.5
SN6936;SNIa;2005jl;21:32:56.11;-0:41:59.2;0.181;53678.6
SN6962;SNIa?(SP);2005je;2:35:26.62;+1:4:29.5;0.0938889;53667.5
SN6968;SNIa?(SP);;1:18:13.37;-0:54:23.6;0.0981373;53686.6
SN6981;;;21:46:13.31;+0:9:30.8;0.6220973;53686.6
SN7017;SNIa;;2:5:27.68;-0:29:52.5;0.269;53676.2
SN7143;SNIa;2005jg;23:1:2.97;-0:12:26.5;0.304;53676.2
SN7147;SNIa;2005jh;23:20:4.43;-0:3:19.6;0.1106;53679
SN7243;SNIa;2005jm;21:52:18.98;+0:28:18.9;0.2037;53683.5
SN7335;SNIa?(SP);2005kn;21:15:32.45;-0:21:19.2;0.1974067;53674.7
SN7426;SNIa?(SP);2005jb;22:36:3.21;-0:22:4.5;0.384;53676.8
SN7460;SNIa?(SP);2005jx;21:34:20.17;-0:40:54.2;0.2103;53671.4
SN7473;SNIa;2005ji;0:17:18.34;-0:15:26.2;0.216;53677.7
SN7475;SNIa;2005jn;0:19:0.83;-0:16:53.4;0.322;53672.2
SN7504;;;1:35:17.55;-0:19:38.9;0.3120564;53672.2
SN7512;SNIa;2005jo;3:28:21.68;-0:19:33.9;0.219;53679.9
SN7532;;;22:37:56.81;-1:13:37.3;0.5415356;53679.9
SN7547;;;20:51:41.55;+0:51:35.6;0.1064095;53679.9
SN7623;;;21:2:0.42;+0:5:2.1;0.3293784;53679.9
SN7661;;;0:42:47.57;+0:58:16.8;0.2574885;53679.9
SN7672;;;2:56:35.07;-1:11:25.1;0.5289181;53679.9
SN7696;;;0:12:20.54;-1:5:17.7;0.500098;53679.9
SN7722;;;1:21:26.81;-1:7:44.6;0.6857275;53679.9
SN7767;;;23:9:46.15;+0:0:49.0;0.351778;53679.9
SN7779;SNIa;2005jw;20:40:19.25;-0:0:25.8;0.3812;53671.1
SN7847;SNIa;2005jp;2:9:50.39;-0:3:42.5;0.2124;53679.8
SN7861;;;2:42:4.77;+0:8:14.6;0.3820389;53679.8
SN7865;;;3:7:45.95;+0:8:33.5;0.4276921;53679.8
SN7876;SNIa;2005ir;1:16:43.80;+0:47:40.7;0.076;53685
SN7922;;;23:5:22.36;+1:4:4.9;0.1822;53685
SN7947;SNIa?(SP);2005jj;20:56:44.66;+0:24:30.1;0.368;53670.9
SN7972;;;2:50:42.90;-0:41:38.8;0.4571024;53670.9
SN8030;SNIa;2005jv;2:40:50.12;+0:59:35.3;0.422;53673.9
SN8046;SNIa;2005ju;2:36:28.03;+0:30:40.6;0.2593;53681.2
SN8151;SNIa;2005hk;0:27:50.88;-1:11:53.3;0.0130036;53685
SN8213;SNIa;2005ko;23:50:5.02;-0:55:17.0;0.1847;53682.7
SN8495;SNIa;2005mi;22:21:2.65;-0:44:53.4;0.2144;53687.8
SN8593;;;20:47:10.90;+0:11:58.2;0.5031339;53687.8
SN8598;SNIa;2005jt;2:50:40.16;-0:3:57.5;0.3606;53677.9
SN8603;;;3:21:10.73;-0:6:9.7;0.2973485;53677.9
SN8679;SNII;2005jr;1:0:12.37;+0:20:26.9;0.2944;53683.3
SN8707;SNIa?(SP);2005mh;2:44:56.68;+0:12:13.0;0.3951;53683.1
SN8719;SNIa;2005kp;0:30:53.16;-0:43:7.9;0.1178;53688.8
SN8882;;;23:47:47.44;+0:13:37.1;0.4290373;53688.8
SN8921;SNIa;2005ld;21:40:0.48;-0:0:28.5;0.1453;53692.6
SN8947;;;23:3:21.77;+1:10:56.6;0.1813602;53692.6
SN9032;SNIa;2005le;22:31:32.30;-0:29:36.9;0.254;53687
SN9045;SNIa;2005kq;23:11:20.91;-0:36:31.1;0.3895;53680.7
SN9118;SNIc;2005kr;3:8:29.66;+0:53:20.2;0.1338;53691
SN9207;SNIa;2005lg;1:16:20.07;-0:48:28.1;0.35;53684
SN9273;SNIc;2005ks;21:37:56.56;-0:1:56.9;0.0986515;53688
SN9387;;;22:6:36.38;-0:35:19.9;0.4390732;53688
SN9436;;;1:15:36.91;-0:0:11.0;0.5317925;53688
SN9457;SNIa;2005li;22:23:15.45;+0:15:10.9;0.2569;53686.6
SN9467;SNIa;2005lh;21:55:48.33;+1:10:50.9;0.2184;53686
SN9603;;;22:52:40.38;+1:9:58.8;0.5337005;53686
SN9679;;;2:49:55.68;-0:33:0.2;1.169154;53686
SN9725;;;0:53:15.90;-0:37:0.7;0.1744013;53686
SN9901;;;3:35:47.03;-0:39:29.4;0.276135;53686
SN10028;SNIa;2005kt;1:10:58.05;+0:16:34.5;0.0653288;53654
SN10072;;;22:22:30.16;+1:2:31.6;0.2236089;53654
SN10096;SNIa;2005lj;1:57:43.03;-0:10:46.0;0.0777405;53696
SN10106;SNIa?(SP);;3:10:46.38;-0:12:17.6;0.1476;53692
SN10297;SNII;2005mk;22:42:40.64;+0:49:58.8;0.1477;53686
SN10367;SNII;2005kb;0:50:50.68;+0:51:13.0;0.0152608;53684
SN10411;;;22:21:41.92;-0:43:1.8;0.5968406;53684
SN10434;SNIa;2005lk;21:59:49.42;-1:11:37.4;0.1041765;53696
SN10449;SNIa;2005ll;22:28:6.87;-1:7:41.4;0.244;53696
SN10550;SNIa;2005lf;23:18:42.10;-1:12:17.6;0.3001;53687
SN10907;SNII;2005lm;0:15:4.91;+0:21:18.5;0.0846506;53692.7
SN11328;;;3:10:39.35;-0:48:43.5;0.4575348;53692.7
SN11017;;2005mj;21:31:49.44;-1:4:9.8;0.21;53692.7
SN11320;SNIa;2005mo;3:50:12.90;-0:14:24.8;0.2743;53693.1
SN11206;SNIa;2005mm;0:13:9.55;+1:8:43.9;0.3819;53688.7
SN11067;SNIa;2005ml;2:14:4.41;-0:14:21.0;0.114;53700.8
SN11085;;;21:48:17.44;+0:4:20.1;0.2829108;53700.8
SN11300;SNIa;2005ln;0:27:0.12;-0:35:11.8;0.1468;53699.7
SN11332;SNIb;2005mn;3:49:18.44;-0:41:31.4;0.0473678;53705
SN11403;;;1:45:42.78;+0:53:15.1;0.3889276;53705
SN11452;SNIa;2005lo;0:37:11.86;-1:12:12.3;0.299;53690.5
SN11557;SNIa;2005lq;2:41:36.04;+0:12:18.1;0.38;53705.1
SN11567;;;3:24:55.28;+0:2:27.7;0.4805107;53705.1
SN11650;SNIa;2005mp;1:4:45.68;+0:3:20.2;0.273;53707.2
SN11659;;;20:41:54.50;-1:1:44.2;0.4670133;53707.2
SN11864;SNIa;2005lp;1:47:42.80;+0:12:26.0;0.303;53690.5
SN12136;SNIa;2005mq;23:20:21.79;-0:20:59.6;0.35;53706.9
SN12727;;;23:13:23.78;+0:32:25.1;0.3656624;53706.9
SN12779;SNIa;2006fd;20:37:53.25;+1:13:16.0;0.0799481;53962
SN12780;;2006eq;21:28:37.12;+1:13:41.2;0.049408;53962
SN12781;SNIa;2006er;0:21:37.58;-1:0:35.9;0.0843058;53979
SN12782;SNII;2006fq;0:20:0.81;-0:37:29.9;0.0678921;53977
SN12819;;2006ho;0:33:28.05;-0:19:12.8;0.1067491;53977
SN12820;SNII;2006fg;0:38:20.05;-0:17:42.0;0.044583;53978
SN12836;;;21:1:41.38;-1:1:28.5;0.3695638;53978
SN12841;SNIa;2006gk;21:25:23.34;-1:2:1.2;0.294;53967.5
SN12842;SNII;2006ez;21:33:49.26;-1:0:57.4;0.0887;53974
SN12843;SNIa;2006fa;21:35:30.74;-0:58:49.0;0.1669515;53980.9
SN12844;SNIc;2006fe;20:52:9.16;-0:30:40.1;0.070498;53984
SN12851;SNIa;2006gm;22:59:7.46;-0:37:38.5;0.245;53967.8
SN12853;SNIa;2006ey;21:7:3.74;+0:43:23.1;0.1694;53977.8
SN12855;SNIa;2006fk;22:1:1.33;+0:42:58.5;0.172;53994
SN12856;SNIa;2006fl;22:11:27.71;+0:45:21.5;0.1716726;53993.2
SN12857;;;21:18:14.23;+1:2:39.2;0.1208687;53993.2
SN12860;SNIa;2006fc;21:34:46.61;+1:10:33.3;0.1217;53989.8
SN12862;;;20:53:45.88;-0:9:51.7;0.0781886;53989.8
SN12863;;;20:55:15.86;-0:1:45.2;0.3954005;53989.8
SN12869;SNIa;2006ge;21:49:35.79;+0:0:3.9;0.278;53973.1
SN12870;;;22:18:26.15;+0:0:12.9;0.4284594;53973.1
SN12872;;;23:16:45.08;-0:11:29.4;0.5951605;53973.1
SN12880;;;0:37:52.28;-0:1:6.4;0.5903306;53973.1
SN12881;SNIa;2006gu;0:40:38.96;-0:4:24.8;0.233;53975.8
SN12883;SNIa;2006fr;20:50:30.21;+0:23:55.2;0.307;53972.9
SN12893;;;0:51:28.33;+0:25:15.0;0.2109253;53972.9
SN12897;SNIa;2006eb;1:13:41.13;-0:6:5.7;0.0171675;53964.9
SN12898;SNIa;2006fw;1:47:10.34;-0:8:49.1;0.081;54002
SN12907;SNIa;2006fv;1:21:37.88;+0:24:52.3;0.1318817;53992.9
SN12908;;;1:56:58.39;+0:16:16.1;0.3593072;53992.9
SN12916;;;0:58:20.26;+1:9:37.0;0.2653259;53992.9
SN12921;;;23:53:9.00;+0:39:51.9;0.2590917;53992.9
SN12927;SNIa;2006fj;2:47:8.67;+0:46:30.5;0.175;53982.4
SN12928;SNIa;2006ew;20:20:2.17;-0:58:32.5;0.1397;53970.9
SN12930;SNIa;2006ex;20:38:43.87;-0:28:28.3;0.147168;53977.6
SN12950;SNIa;2006fy;23:26:40.19;-0:50:25.0;0.082657;53999
SN12971;SNIa;2006ff;0:26:35.64;-0:18:7.5;0.2352395;53973.1
SN12972;SNIa;2006ft;0:31:50.06;-0:22:58.6;0.258;53978.4
SN12975;;;1:26:49.89;-0:15:3.7;0.2985272;53978.4
SN12977;SNIa;2006gh;0:54:46.95;-0:15:3.1;0.247;53985.8
SN12979;SNIa;2006gf;0:46:24.35;+0:0:12.5;0.1164362;53970
SN12983;SNIa;2006gl;1:5:50.11;+0:8:41.3;0.2653508;53970.4
SN12991;SNII;2006gd;1:10:26.39;-1:4:4.9;0.1546813;53975
SN13003;;;1:38:1.59;-0:49:46.3;0.4333112;53975
SN13005;SNIa;2006fh;1:49:34.91;-0:38:59.6;0.127;53960.8
SN13008;;;0:27:18.29;+0:31:46.1;0.3771596;53960.8
SN13014;;;1:26:58.36;+0:58:46.1;0.3317606;53960.8
SN13023;;;22:29:23.37;+0:32:44.5;0.5940427;53960.8
SN13025;SNIa;2006fx;22:46:16.16;+0:24:57.2;0.225;53985.1
SN13026;;;22:46:51.28;+0:25:42.4;0.5255762;53985.1
SN13028;;;22:53:26.55;+0:30:25.5;0.2593889;53985.1
SN13038;SNIa;2006gn;23:11:18.43;+0:30:16.6;0.104;53989
SN13044;SNIa;2006fm;22:10:10.26;+0:30:11.8;0.121;54001.8
SN13045;SNIa;2006fn;23:0:5.99;+0:32:15.6;0.182;53987.7
SN13070;SNIa;2006fu;23:51:8.41;-0:44:46.8;0.1985333;53984.4
SN13072;SNIa;2006fi;22:19:50.27;+0:1:27.7;0.230633;53987.3
SN13085;;;23:59:11.80;+0:59:13.1;0.5402403;53987.3
SN13087;;;0:1:13.25;+1:0:58.3;0.3289517;53987.3
SN13099;SNIa;2006gb;23:59:16.50;-1:15:1.4;0.2660254;53993.5
SN13135;SNIa;2006fz;0:16:41.35;-0:25:28.3;0.1046709;54003
SN13136;SNIa;2006go;0:24:33.76;-0:16:44.6;0.366;53989.1
SN13151;;;0:27:31.19;+0:0:28.6;0.3883514;53989.1
SN13152;SNIa;2006gg;0:28:12.51;+0:7:4.8;0.207;53997.8
SN13174;SNIa?(SP);2006ga;0:52:56.33;+0:26:52.3;0.231;53997.3
SN13195;SNIb;2006fo;2:32:38.89;+0:37:3.0;0.0203923;54005
SN13233;;;2:43:45.00;-0:41:25.2;0.5733321;54005
SN13235;;;2:9:15.24;+0:7:47.0;0.4321665;54005
SN13254;SNIa;2006gx;2:48:14.08;-0:20:49.3;0.1806621;53990.4
SN13266;;;3:37:32.59;+0:55:47.7;0.6246223;53990.4
SN16953;SNIa;2006pp;0:48:58.47;+0:28:37.0;0.34;54059
SN13376;SNII;2006gq;1:45:12.54;+0:21:23.2;0.0696802;53998
SN13297;;;21:28:52.94;-0:34:57.8;0.2028059;53998
SN13305;SNIa;2006he;22:4:24.12;+0:41:28.4;0.201;54000.9
SN13327;SNIa;2006jf;22:34:54.57;+0:0:7.3;0.288;53994
SN13346;;;22:36:32.80;+0:19:41.5;1.36;53994
SN14782;SNIa;2006jp;20:56:56.22;-0:16:44.6;0.179;54020.8
SN13354;SNIa;2006hr;1:50:15.56;-0:53:14.2;0.1576255;54004.8
SN13355;SNII;2006kh;1:49:11.84;-0:36:18.9;0.0596447;53989
SN13357;SNIa?(SP);2006gw;1:57:53.50;-0:32:3.0;0.3261;53994.1
SN13370;SNIa;2006gv;1:48:36.37;+0:19:41.6;0.199;53988.5
SN13372;;;2:9:48.40;+0:13:1.7;0.2025127;53988.5
SN13380;;;2:26:41.44;+1:4:59.6;2.4295411;53988.5
SN13405;;;22:18:52.39;-0:21:33.8;0.3154767;53988.5
SN13408;;;20:53:24.04;+0:52:37.1;0.408662;53988.5
SN13411;SNIa;;21:0:45.59;+0:11:30.0;0.163;53985.6
SN13424;;;21:51:55.36;+0:57:38.4;0.2244196;53985.6
SN13425;SNIa;2006gp;22:34:10.00;+0:3:18.0;0.211;53988.8
SN13447;;;23:33:17.39;-0:23:3.5;0.5130074;53988.8
SN13449;SNII;2006ix;23:59:14.03;-0:18:39.7;0.0756529;53994
SN13467;SNIa?(SP);2006hq;23:39:47.15;+0:12:18.8;0.0685277;54013
SN13505;;;3:11:1.23;-1:9:26.1;0.2350874;54013
SN13506;SNIa;2006hg;1:40:58.40;-0:43:40.2;0.243;53997
SN13511;SNIa;2006hh;2:42:26.96;-0:47:38.8;0.2373749;54000.6
SN13518;;2006mn;1:7:48.39;-0:6:35.4;0.299;54000.6
SN13548;;;23:16:49.43;+0:59:40.9;2.077693;54000.6
SN13559;;;1:9:36.30;+0:58:29.6;0.5870901;54000.6
SN13560;;;1:16:40.14;+0:56:55.4;0.4773909;54000.6
SN13577;;2006kg;1:4:16.98;+0:46:8.9;0.227;54000.6
SN13578;SNIa;2006hc;1:9:34.73;+0:42:15.0;0.228;53996.3
SN13582;;;1:17:33.29;+1:7:12.4;0.2760544;53996.3
SN13610;SNIa;2006hd;21:44:3.55;+0:43:34.6;0.2982558;53990
SN13625;;;22:56:14.25;+0:47:8.5;0.191387;53990
SN13641;SNIa;2006hf;23:0:52.50;-0:58:52.1;0.21;54001.1
SN13655;SNIa;2006hs;2:36:4.85;-0:59:39.0;0.252;53991.5
SN13661;;;2:43:40.97;-0:26:1.0;0.2681351;53991.5
SN14157;SNIa;2006kj;3:24:32.81;+1:1:20.5;0.2115;54010.3
SN13687;;;0:5:16.50;+0:39:26.1;0.3184509;54010.3
SN13689;SNIa;;0:16:3.87;+0:48:27.2;0.2516;53997.3
SN13690;;;23:23:4.73;+1:8:19.3;0.5296868;53997.3
SN13704;;;3:19:5.54;+1:10:26.0;0.4551035;53997.3
SN13727;SNIa;2006hj;21:10:21.14;+0:55:57.4;0.221;54001.9
SN13736;SNIa;2006hv;22:27:19.99;+1:1:51.5;0.1504;54013.7
SN13738;;;22:55:35.39;+0:56:24.7;0.406084;54013.7
SN13757;SNIa;2006hk;23:20:29.54;-1:9:28.2;0.289;53989.4
SN13796;SNIa;2006hl;23:22:45.98;+0:31:58.4;0.145;54008.8
SN13802;;;23:40:2.82;+0:36:44.6;0.3135627;54008.8
SN13810;;;20:42:13.71;-0:15:42.0;0.3889812;54008.8
SN13827;;;22:25:14.84;-0:21:55.3;0.1427009;54008.8
SN13829;;;22:33:56.69;-0:17:43.6;0.439201;54008.8
SN13830;SNIa;2006hm;23:26:14.81;-0:22:56.2;0.33;53977.4
SN13835;SNIa;2006hp;0:24:14.31;-0:14:53.7;0.2477;54008.4
SN13890;;;22:48:50.05;+0:22:57.7;0.2976356;54008.4
SN13894;SNIa;2006jh;0:6:45.75;-0:2:12.3;0.121;54012.8
SN13903;SNIa?(SP);;23:59:12.22;+0:15:6.5;0.2635;53992.4
SN13914;;;3:13:50.82;-0:5:40.8;0.5375133;53992.4
SN13934;SNIa;2006jg;22:48:26.64;-0:26:7.0;0.33;54003.2
SN13936;;2006hz;0:12:41.00;-0:32:7.8;0.227;54003.2
SN13956;SNIa;2006hi;1:23:46.03;+0:49:0.2;0.262;54001
SN14001;;;21:23:28.02;+0:13:27.9;0.1550104;54001
SN14019;SNIa;2006ki;21:6:34.18;-0:38:52.6;0.2164;54010.5
SN14024;SNIa;2006ht;21:12:47.66;+0:54:58.9;0.146;54008.9
SN14108;SNIa;2006hu;3:34:22.72;-1:7:23.6;0.133;54009.9
SN14128;;;3:43:30.80;-0:44:29.7;0.5035394;54009.9
SN14194;;;23:59:9.19;+0:57:41.8;1.168702;54009.9
SN14212;SNIa;2006iy;22:1:52.83;+1:2:42.0;0.2054;54010.3
SN14261;SNIa;2006jk;21:52:57.70;+0:15:13.7;0.281;54016.1
SN14265;;;0:53:13.22;+0:17:54.4;0.2493006;54016.1
SN14279;SNIa;2006hx;1:13:57.31;+0:22:18.0;0.0453895;54022
SN14284;SNIa;2006ib;3:16:11.83;-0:36:3.4;0.1810665;54012.7
SN14298;SNIa;2006jj;20:59:34.81;+1:13:23.7;0.262;54008.7
SN14318;SNIa;2006py;22:41:42.05;-0:8:12.9;0.0578252;54019
SN14331;SNIa;2006kl;0:31:33.28;-0:8:8.9;0.214;54010.3
SN14358;;;3:15:7.47;-0:55:50.1;0.2729699;54010.3
SN14359;;;3:34:20.33;-0:58:55.9;0.3355621;54010.3
SN14377;SNIa?(SP);2006hw;3:13:3.43;-0:28:17.9;0.1394096;54012.8
SN14397;SNIa;2006kk;0:27:39.86;+0:38:58.2;0.371;54011.4
SN14421;SNIa;2006ia;2:7:19.17;+1:15:7.5;0.1749031;54008.8
SN14432;;;21:6:48.27;-1:4:1.0;0.1514369;54008.8
SN14437;SNIa;2006hy;22:8:19.43;-1:11:47.0;0.144;54008.7
SN14450;SNII;2006kn;20:58:5.21;+0:54:1.7;0.1202068;54015.9
SN14451;SNIa;2006ji;20:32:46.79;+0:55:37.4;0.179;54009.7
SN14456;SNIa;2006jm;22:54:12.26;+1:3:2.4;0.33;54014.9
SN14475;SNIc;;22:24:30.90;+0:12:12.3;0.149;54017
SN14481;SNIa;2006lj;0:10:43.62;+0:12:4.7;0.255;54017.7
SN14490;;;3:40:40.06;+0:5:18.9;0.1309043;54017.7
SN14492;SNIb;2006jo;1:23:14.71;-0:19:46.7;0.0767398;54013
SN14599;SNII;2006jl;20:32:4.67;-0:34:28.3;0.051;54012
SN14732;;;0:16:32.42;+0:14:21.6;3.3328969;54012
SN14735;SNIa;2006km;2:20:37.93;+0:20:54.2;0.3011;54011.2
SN14743;;;3:10:44.91;+0:13:41.5;0.9545624;54011.2
SN14815;SNIa;2006iz;21:16:17.19;+0:33:34.2;0.128;54023.4
SN14816;SNIa;2006ja;22:26:51.91;+0:30:21.8;0.107221;54020
SN14846;SNIa;2006jn;0:30:39.18;+0:8:29.7;0.2247;54022.3
SN14871;SNIa;2006jq;3:37:6.50;+0:0:33.7;0.119;54026.8
SN14970;;;1:37:26.60;+1:1:10.1;0.24432;54026.8
SN14979;SNIa;2006jr;3:39:47.14;+0:59:34.1;0.1771;54023.6
SN14984;SNIa;2006js;20:55:20.06;-0:5:34.0;0.184;54021.4
SN15002;SNIa?(SP);2006ko;1:28:59.95;+0:46:11.8;0.362;54019.1
SN15009;SNIa?(SP);2006kp;2:11:11.65;+0:41:45.0;0.325;54014
SN15028;;;3:33:26.38;+1:8:35.0;0.3212889;54014
SN15031;SNII;2006iw;23:21:19.48;+0:15:35.0;0.0307814;54018
SN15057;;2006md;1:11:31.50;+0:24:34.2;0.299;54018
SN15171;SNIa;2006kb;20:19:10.21;-1:3:52.2;0.1392;54027.8
SN15129;SNIa;2006kq;21:15:36.57;-0:19:17.2;0.198276;54020.4
SN15132;SNIa;2006jt;21:58:48.06;+0:11:51.7;0.1543;54025.7
SN15136;SNIa?(SP);2006ju;23:24:39.01;-0:43:6.1;0.1486456;54021.9
SN16894;SNIa;2006tb;3:45:15.49;-0:7:42.8;0.29;54061
SN15320;SNII;2006kv;0:3:6.66;+0:54:49.6;0.062;54024
SN16899;SNIa;2006ta;3:29:50.42;+0:17:42.3;0.275;54066.1
SN15161;SNIa;2006jw;2:23:22.30;+0:49:8.4;0.2495366;54024
SN15170;SNIa;2006jx;3:52:14.06;+0:17:31.4;0.395;54022.1
SN15190;;;3:48:48.22;-1:5:9.8;0.2138161;54022.1
SN15201;SNIa;2006ks;22:30:4.66;+0:0:13.1;0.2085;54025.5
SN15203;SNIa;2006jy;1:2:56.33;+0:10:59.1;0.216;54023.8
SN15213;SNIa;2006lk;3:32:4.59;-0:6:0.5;0.307;54022.9
SN15217;SNIa;2006jv;1:30:32.21;+0:13:11.3;0.368;54017.1
SN15219;SNIa;2006ka;2:18:26.67;+0:13:36.1;0.248;54027.4
SN15221;;;3:42:41.31;+0:13:43.2;0.1518034;54027.4
SN15222;SNIa;2006jz;0:11:24.81;+0:42:9.9;0.1994296;54028.7
SN15229;SNIa;2006kr;0:19:19.68;+1:5:26.6;0.224;54031.3
SN15234;SNIa;2006kd;1:7:50.00;+0:49:41.5;0.1363047;54030.8
SN15254;SNIa?(SP);2006oy;20:53:58.30;-0:21:36.2;0.203;54031.8
SN15259;SNIa;2006kc;22:30:10.61;-0:24:28.1;0.212;54022.1
SN15287;SNIa;2006kt;21:35:50.32;-1:3:26.8;0.274;54026.3
SN15301;SNIa;2006lo;21:34:19.18;+0:35:20.8;0.248;54032.7
SN15313;;;22:21:33.76;+1:1:19.4;0.5343551;54032.7
SN15339;SNII;2006ns;21:33:32.22;+0:47:5.4;0.1199143;54033.9
SN15340;SNIa;2006mu;22:24:0.68;+0:49:16.9;0.1475;54033.7
SN15341;;;21:0:16.25;+0:45:14.6;0.1058015;54033.7
SN15354;SNIa;2006lp;0:27:5.68;-0:7:33.5;0.2221;54020.9
SN15356;SNIa;2006lm;22:20:12.80;+0:24:35.8;0.276;54027.1
SN15365;SNIa;2006ku;23:38:13.60;+1:14:56.7;0.178;54035.6
SN15369;SNIa;2006ln;23:15:19.91;-0:33:45.4;0.232;54029
SN15383;SNIa;2006lq;2:16:35.89;-0:9:18.6;0.312;54025.9
SN15396;;;21:24:1.89;-0:21:58.2;0.0619412;54025.9
SN15421;SNIa;2006kw;2:14:57.98;+0:36:9.0;0.1853683;54032.6
SN15425;SNIa;2006kx;3:42:14.66;+0:28:41.8;0.1598923;54036.8
SN15433;SNIa;2006mt;0:59:31.11;-0:15:23.4;0.2211;54035.3
SN15440;SNIa;2006lr;2:38:52.96;+0:5:24.5;0.253;54027
SN15443;SNIa;2006lb;3:19:28.18;-0:19:4.9;0.1819083;54038.4
SN15453;SNIa;2006ky;21:18:40.39;-1:1:27.4;0.175;54035.4
SN15456;SNIa;2006ll;22:7:28.14;-0:54:12.3;0.3821;54025.1
SN15458;;;22:14:21.32;-0:56:35.1;1.469757;54025.1
SN15459;SNIa;2006la;22:42:48.34;-0:54:6.3;0.12;54033.9
SN15461;SNIa;2006kz;21:47:23.40;-0:29:40.8;0.18;54034.7
SN15466;SNIa;2006mz;21:10:34.81;-0:7:23.6;0.247;54034
SN15467;SNIa;;21:20:4.78;-0:10:38.8;0.210412;54036.5
SN15475;SNIc;2006lc;22:44:24.48;-0:9:53.5;0.0161611;54041
SN15504;SNIa;2006oc;23:2:48.35;-0:52:35.1;0.251;54036.1
SN15508;SNIa;2006ls;1:48:40.55;-0:34:35.8;0.135;54040.7
SN15557;SNII;2006oz;22:8:53.55;+0:53:50.5;0.285;
SN15583;SNIa;2006mv;2:30:55.46;+0:56:46.7;0.178;54038.7
SN15584;SNIa;2006nt;2:53:58.91;+0:59:13.1;0.282;54036.1
SN15640;SNIa?(SP);;21:27:13.15;+0:40:19.6;0.119;54034.5
SN15648;SNIa;2006ni;20:54:52.41;-0:11:41.4;0.1750174;54041.9
SN15652;;;20:56:53.79;-0:9:54.3;0.5733759;54041.9
SN15674;SNIa;2006nu;22:43:19.00;+0:15:46.5;0.198;54037.5
SN15734;SNIa;2006ng;0:22:7.27;-0:5:44.3;0.385;54036.1
SN15776;SNIa;2006na;2:11:19.07;-0:59:53.7;0.3176;54028.9
SN15704;SNIa;2006nh;2:40:50.58;+0:39:31.5;0.365;54040.5
SN15749;SNIa?(SP);2006mw;3:25:8.47;-0:2:26.1;0.1184;54042.6
SN15756;SNIa;2006nf;0:1:29.96;+0:16:33.5;0.38;54036.1
SN15760;;2006mh;1:15:13.40;+0:23:57.3;0.129;54036.1
SN15778;;;22:28:0.97;-0:32:58.7;0.398444;54036.1
SN15833;SNIa?(SP);2006mx;20:3:27.33;+0:34:12.7;0.1636;54043.5
SN15868;SNIa;2006pa;2:32:23.95;-0:42:48.9;0.242;54042.3
SN15872;SNIa;2006nb;2:26:53.40;-0:19:40.1;0.203;54045.3
SN15897;SNIa;2006pb;0:46:43.55;-1:1:58.5;0.17;54041
SN15901;SNIa;2006od;2:7:54.31;-0:32:7.4;0.199;54043.8
SN15936;;;22:24:2.30;+0:35:33.6;0.284505;54043.8
SN15952;;;0:38:59.21;+0:54:51.2;0.4134674;54043.8
SN15957;;;0:59:39.82;-1:14:45.5;0.4573268;54043.8
SN16000;SNIa;2006nj;1:24:28.23;+0:4:27.8;0.39;54039
SN16007;;;2:40:37.87;+0:11:19.2;0.4692969;54039
SN16021;SNIa;2006nc;0:55:22.50;-0:23:19.7;0.124;54047.9
SN16032;SNIa;2006nk;2:56:16.61;-0:24:38.8;0.204;54044.7
SN16069;SNIa;2006nd;22:44:59.06;-1:0:23.8;0.1287653;54048.8
SN16072;SNIa;2006nv;0:12:29.87;-0:58:38.3;0.277;54043.1
SN16073;SNIa;2006of;0:32:25.86;-1:3:14.4;0.146;54049.8
SN16087;SNII;2006pc;1:44:10.58;-0:9:21.2;0.0554943;54035.9
SN16093;SNIa;2006oe;23:21:26.99;+1:7:56.9;0.336;54041.6
SN16099;SNIa;2006nn;1:45:41.02;-1:3:15.8;0.1969484;54051.4
SN16100;SNIa;2006nl;2:1:44.71;-1:1:56.7;0.195;54045.6
SN16618;SNIa;2006pq;1:25:7.05;-1:13:8.2;0.1932;54067.8
SN16106;SNIa;2006no;22:8:21.44;-1:8:55.6;0.2512;54042.5
SN16108;SNIa;2006og;20:12:4.26;+0:34:14.2;0.186;54048.8
SN16116;SNIa;2006oh;23:41:12.48;-1:6:20.9;0.15;54052.7
SN16137;;;3:1:21.74;-0:49:20.4;0.6144153;54052.7
SN16165;SNIa;2006nw;2:2:55.95;-0:32:1.9;0.157;54051.8
SN16179;SNIc;2006nx;3:33:30.63;-0:40:38.2;0.125;54057
SN16185;SNIa;2006ok;1:7:28.34;-0:16:9.7;0.097;54054
SN16192;SNII;2006ny;0:39:17.31;+0:5:2.2;0.0785595;54055.6
SN16206;SNIa;2006pe;0:23:9.17;-0:3:13.1;0.152;54056.9
SN16211;SNIa;2006nm;23:12:39.38;+0:16:1.0;0.3109432;54035
SN16213;SNIa;2006oi;0:35:53.05;+0:15:30.3;0.25;54051.4
SN16215;SNIa;2006ne;1:13:37.84;+0:25:26.0;0.0466027;54061.3
SN16232;SNIa;2006oj;1:8:49.30;-0:59:22.4;0.367;54039.9
SN16287;SNIa;2006np;3:6:39.48;+0:3:50.5;0.1073558;54061
SN16259;SNIa;2006ol;23:28:7.19;+0:51:22.9;0.1190776;54051
SN16276;SNIa;2006om;1:22:18.88;+1:0:38.2;0.193;54055.8
SN16280;SNIa;2006nz;0:56:29.21;-1:13:36.1;0.0380902;54009
SN16281;SNIa;2006pd;23:31:46.12;-0:40:5.0;0.184;54052.6
SN16289;;;3:11:1.23;-1:9:26.1;0.2350874;54052.6
SN16314;SNIa;2006oa;21:23:42.94;-0:50:36.5;0.0625506;54068.4
SN16333;SNIa;2006on;21:55:58.49;-1:4:12.7;0.0718954;53994
SN16350;SNIa;2006ph;21:34:33.48;-0:53:9.0;0.2361;54051.7
SN16352;SNIa;2006pk;23:4:59.85;-0:52:24.1;0.248;54056.2
SN16357;SNIa;2006pi;22:3:16.60;-0:36:24.6;0.368;54054
SN16391;SNII;;1:1:58.11;+0:18:23.1;0.057;54057.9
SN16392;SNIa;2006ob;1:51:48.14;+0:15:47.9;0.0591637;54065
SN16402;SNIa;2006sv;22:25:28.25;+0:15:55.0;0.29;54059.2
SN16414;SNIa;2006pj;22:37:18.35;+0:44:17.3;0.3;54057.9
SN16421;SNIa;2006pg;3:27:20.71;+1:5:22.8;0.302;54048.9
SN16442;SNIa;2006oo;21:59:47.23;-0:43:59.6;0.269;54058.1
SN16469;;;0:21:47.52;+0:0:31.0;0.1426986;54058.1
SN16473;SNIa;2006pl;21:54:26.92;+0:35:18.7;0.211;54061.5
SN16482;SNIa;2006pm;21:54:50.28;+0:56:1.2;0.2107713;54057.5
SN16541;SNIa;2006pn;3:49:2.85;-0:31:58.0;0.1316;54066.6
SN16567;SNIa;2006pf;1:41:45.13;-0:11:20.9;0.366;54055.6
SN16578;SNIa;2006po;20:23:15.17;-0:50:54.6;0.1747;54059.7
SN16619;SNIa;2006ps;1:43:45.30;-1:6:42.9;0.1151;54071.6
SN16631;SNIa;2006pv;3:38:29.47;-0:40:32.0;0.216;54057.8
SN16637;SNIa;;0:32:42.24;-0:19:6.4;0.243;54062
SN16641;SNIa;2006pr;1:34:14.70;-0:24:13.1;0.115;54066.9
SN16644;SNIa;2006pt;2:27:16.17;-0:23:36.5;0.2988363;54058.2
SN16667;;;2:36:35.06;+0:51:27.6;0.2068033;54058.2
SN16668;SNII;2006pu;2:42:53.82;+0:53:34.3;0.1518;54064.2
SN16692;SNIa;2006op;21:21:31.87;+0:59:35.9;0.0341191;54070
SN16737;SNIa;2006qc;20:51:19.84;-0:57:8.4;0.2;54069.8
SN16748;SNIa;2006sx;0:31:48.32;-0:30:50.2;0.221;54066.9
SN16754;;;21:24:29.13;+1:6:21.7;0.1346013;54066.9
SN16758;SNIa;2006pw;22:46:26.96;+1:9:2.9;0.316;54055.1
SN16774;SNIa;2006sy;2:21:5.20;+0:49:42.2;0.21;54069.8
SN16776;SNIa;2006qd;23:8:5.14;-0:10:33.9;0.266;54066.1
SN16779;SNIa;2006qa;3:1:9.73;-0:1:34.5;0.4;54032.1
SN16781;SNIa;2006qb;3:28:14.65;-0:12:3.5;0.329;54053.9
SN16787;;;0:16:32.42;+0:14:21.6;3.3328969;54053.9
SN16789;SNIa;2006pz;2:55:8.24;+0:14:5.2;0.3249523;54034.4
SN16793;SNIa;2006qg;21:54:18.09;+0:26:49.2;0.222;54069.9
SN16836;SNIa;2006sw;1:5:0.20;-0:22:28.7;0.331;54066.2
SN16838;SNII;;3:27:46.46;-0:25:12.4;0.15;54069.1
SN16840;SNII;2006qf;3:51:57.24;-0:23:47.7;0.1655141;54066.3
SN16846;;;0:51:28.32;+0:25:15.0;0.2109253;54066.3
SN16847;SNIa;2006px;23:33:17.10;+0:57:40.0;0.279;54065.1
SN16872;SNIa;2006qh;21:47:53.02;+0:42:24.6;0.12;54072.6
SN16925;;;0:18:4.83;-0:51:40.3;0.1936134;54072.6
SN16938;SNIa;2006qe;23:12:19.98;-0:32:3.9;0.393;54055.1
SN16941;SNIa?(SP);2006sz;23:42:52.46;-0:33:22.9;0.194;54057.8
SN16943;;;2:14:47.00;-0:32:50.5;0.3483506;54057.8
SN16956;SNIa;2006qj;20:11:5.61;-0:19:11.9;0.1087;54069
SN16978;;;2:10:34.89;-0:20:52.7;0.1515582;54069
SN16988;SNIb;2006qk;22:25:32.38;+0:9:15.1;0.0583165;54066.9
SN16992;;;23:29:28.87;-1:14:5.6;0.5350135;54066.9
SN16995;;;1:59:45.94;+0:5:21.9;0.3887073;54066.9
SN17048;SNIa;2006qi;1:50:19.56;+0:53:5.6;0.199;54068.7
SN17081;SNIa;2006ql;1:50:9.11;+0:25:13.7;0.272;54055
SN17106;SNIa;2006tc;3:8:1.96;+0:56:36.4;0.19;54073.8
SN17117;SNIa;2006qm;2:42:24.07;-0:47:47.5;0.1401533;54073.2
SN17134;SNIa;;3:38:16.28;-0:6:36.8;0.0869644;54071
SN17135;SNIa;2006rz;3:46:6.78;+0:23:23.1;0.0309035;54082.2
SN17167;SNII;2007mr;20:8:18.00;-0:39:44.8;0.08;54362
SN17168;SNIa;2007ik;22:38:53.71;-1:10:1.5;0.184;54354.6
SN17171;SNIa;2007id;21:46:0.49;-1:13:3.8;0.160273;54340.8
SN17174;;2007fr;21:37:8.73;+0:26:13.6;0.05;54340.8
SN17176;SNIa;2007ie;22:17:36.68;+0:36:48.0;0.0933637;54331
SN17186;SNIa;2007hx;2:6:27.08;-0:53:58.4;0.0794432;54353
SN17200;SNII;2007ja;23:30:5.49;+0:43:32.3;0.0846902;54354
SN17204;SNII;2007hw;2:3:35.16;+0:47:10.3;0.0619522;54358
SN17208;SNIa;2007ic;0:5:57.98;+1:6:11.1;0.14;54338.6
SN17215;SNIa;2007hy;3:39:42.33;+1:5:32.3;0.1813641;54346.2
SN17218;SNIa;2007jp;23:44:41.24;-0:1:48.2;0.179;54345.6
SN17220;SNIa;2007ji;0:38:48.37;-0:10:45.3;0.172;54353
SN17223;SNIa;2007jj;1:45:26.73;-0:1:9.9;0.235;54342.9
SN17236;SNII;;2:45:43.16;-0:32:18.2;0.0427562;54308
SN17240;;2007ht;0:34:33.83;-1:13:3.3;0.0727533;54308
SN17244;SNII;2007ib;23:15:44.56;+0:27:25.6;0.0344563;54339
SN17253;SNIa;2007jq;0:11:58.61;+0:59:53.3;0.156;54339.7
SN17254;SNIa?(SP);2007ii;0:33:34.05;+0:59:5.8;0.263;54349
SN17258;SNIa;2007jr;2:22:57.27;+1:1:32.7;0.091;54339
SN17263;;2007gt;0:16:26.17;-0:21:9.6;0.0600878;54339
SN17274;SNIa;2007ij;23:57:21.96;+0:6:21.1;0.178;54351
SN17280;SNIa;2007ia;3:43:10.06;+0:6:8.9;0.1309778;54345
SN17285;;;3:3:22.80;-0:47:27.0;0.6021296;54345
SN17287;;2007gl;3:11:33.25;-0:44:47.1;0.0281976;54345
SN17332;SNIa;2007jk;2:55:5.63;-0:8:50.7;0.1828572;54355.4
SN17340;SNIa;2007kl;2:44:50.90;+0:21:53.4;0.2570925;54353
SN17344;;;3:4:12.65;+0:21:28.3;0.697909;54353
SN17366;SNIa;2007hz;21:3:8.95;-1:1:45.1;0.1392888;54348.7
SN18415;SNIa;2007la;22:29:54.79;+1:3:31.0;0.1309738;54380.1
SN20829;SNIa;2007qu;22:32:32.81;+0:51:32.7;0.306;54416
SN17497;SNIa;2007jt;2:28:32.78;-1:2:31.6;0.1447343;54363.8
SN17386;SNII;2007jm;21:55:38.58;-0:10:36.3;0.0911472;54346
SN17389;SNIa;2007ih;21:33:10.77;-0:57:36.5;0.172;54351.6
SN17391;SNIa;2007jo;23:10:12.58;-0:55:53.1;0.19;54339.2
SN17415;;;22:11:2.63;+1:7:18.5;0.201533;54339.2
SN17422;SNII;;23:36:7.49;+0:43:41.6;0.141;54350.5
SN17435;SNIa;2007ka;1:21:22.70;-0:0:53.3;0.218;54356.9
SN17460;SNIa;2007km;2:48:20.07;-0:17:17.3;0.247;54344.6
SN17464;SNIa;2007jb;0:26:33.79;+0:2:31.1;0.247;54353
SN17475;;;22:5:1.18;+0:31:23.1;1.651848;54353
SN17476;;;23:51:44.93;+1:1:5.1;0.2442743;54353
SN17500;SNIa;2007lf;0:16:45.46;+1:12:3.2;0.0440547;54334.8
SN17517;;;0:23:29.99;+0:23:38.8;0.3345297;54334.8
SN17521;;;2:11:48.27;+0:16:40.2;0.2951024;54334.8
SN17528;SNIa;2007iy;20:41:5.96;-0:25:19.6;0.36;54341.1
SN17531;SNII;2007jn;22:47:31.99;+0:24:52.5;0.052;54324
SN17548;SNIc;2007ms;20:32:18.34;-1:0:53.1;0.039;54322
SN17552;SNIa;2007jl;21:29:16.93;-1:0:11.4;0.25;54355
SN17564;SNII;2007iz;21:17:35.50;+0:18:56.3;0.255;54362
SN17568;SNIa;2007kb;20:52:24.71;+0:16:39.7;0.138;54361
SN17599;;;22:29:17.64;-0:17:31.8;0.4388217;54361
SN17605;SNIa;2007js;20:36:48.66;+0:5:54.4;0.1464299;54347.8
SN17614;;;21:16:49.81;+0:11:0.4;0.3442002;54347.8
SN17627;SNII;2007jf;0:12:22.33;-1:6:19.7;0.0695976;54360
SN17629;SNIa;2007jw;2:2:32.74;-1:5:21.1;0.1369;54368.9
SN17690;;;22:37:25.13;+0:55:12.5;0.4968923;54368.9
SN17745;SNIa;2007ju;0:11:50.46;-0:20:21.1;0.06;54373
SN17752;;;23:59:14.01;-0:20:38.1;0.5214428;54373
SN17766;;;0:41:50.65;+0:7:28.3;0.4562615;54373
SN17775;;;2:41:9.98;-0:22:51.6;0.4470179;54373
SN17784;SNIa;2007jg;3:29:50.81;+0:3:24.6;0.037069;54367
SN17790;SNIa;2007jx;20:2:32.82;+0:22:18.0;0.178;54351.7
SN17791;SNIa;2007kp;22:9:29.59;+0:44:16.4;0.279;54366.1
SN17800;SNII;2007kn;20:48:9.42;-1:0:55.4;0.217;54333.6
SN17801;SNIa;2007ko;21:4:22.37;-0:53:52.9;0.2064;54362.7
SN17809;SNIa;2007kr;0:25:27.50;-0:50:22.5;0.282;54366
SN17811;SNIa;2007ix;0:51:30.88;-0:56:50.6;0.2;54352.1
SN17817;;;23:59:19.14;-0:31:21.0;3.2199149;54352.1
SN17825;SNIa;2007je;2:11:47.31;-0:54:44.7;0.161;54365.9
SN17830;;;3:32:19.87;-0:53:10.8;0.5030639;54365.9
SN17862;SNII;2007nr;1:1:59.47;+0:40:54.9;0.1444;54351.1
SN17863;;;1:23:54.18;-0:34:49.4;0.4321582;54351.1
SN17875;SNIa;2007jz;1:23:56.01;+1:15:18.0;0.212;54359.8
SN17880;SNIa;2007jd;2:59:53.37;+1:9:38.5;0.0726729;54363
SN17884;SNIa;2007kt;1:50:23.96;+1:10:19.5;0.239;54365.8
SN17886;SNIa;2007jh;3:36:1.54;+1:6:12.1;0.0407438;54365
SN20040;SNIa;2007rf;21:55:31.07;+0:48:54.3;0.285;54409.1
SN17944;;;1:34:53.20;-0:18:42.3;0.3036496;54409.1
SN18030;SNIa;2007kq;0:19:43.91;-0:24:0.5;0.1564134;54371.8
SN18045;;;1:22:2.98;-0:44:50.3;0.2093651;54371.8
SN18408;SNII;2007lj;21:28:41.93;-0:4:2.2;0.053;54379
SN18065;;;3:27:47.87;+0:53:47.5;0.4874607;54379
SN18091;SNIa;2007ku;1:33:28.21;+0:31:28.9;0.3715;54368.2
SN18109;SNII;2007kw;2:10:16.83;-0:15:57.1;0.0680814;54376
SN18184;;;2:16:52.46;-0:23:35.2;0.3045946;54376
SN18186;;;2:28:9.78;-0:15:25.7;0.5031167;54376
SN18241;SNIa;2007ks;20:49:33.06;-0:45:42.2;0.095;54373
SN18248;;;22:34:5.89;+1:13:33.4;1.64349;54373
SN18249;;;22:26:18.90;+0:21:39.0;0.7770858;54373
SN18264;;;3:12:57.27;-1:1:55.5;0.4842854;54373
SN18297;SNII;2007ky;1:6:11.53;-0:36:50.9;0.0736326;54376
SN18298;SNIa;2007li;1:13:4.02;-0:32:24.0;0.1198154;54374
SN18299;SNII;2007kz;3:36:4.58;-0:12:4.3;0.1274073;54379
SN18319;;;3:45:16.82;+0:46:44.0;0.4980288;54379
SN18321;SNII;;1:55:29.32;+1:9:33.7;0.103;
SN18323;SNIa;2007kx;0:13:42.87;+0:39:7.8;0.155;54374.8
SN18325;SNIa;2007mv;0:35:37.38;+0:22:12.1;0.255;54376.4
SN18375;SNIa;2007lg;0:46:3.94;-0:0:37.4;0.1085;54379.6
SN18441;SNII;2007lb;3:49:9.53;-0:44:9.2;0.038;54384.4
SN18451;SNIa?(SP);2007mt;1:45:56.59;-0:13:3.5;0.388;54372.2
SN18456;SNIa;2007lk;1:57:50.11;-0:23:53.1;0.228;54380.1
SN18457;SNII;2007ll;1:58:40.14;-0:14:56.6;0.0809186;54387
SN18463;SNIa;2007kv;1:10:15.84;+0:28:19.3;0.268;54374
SN18466;SNIa;2007lm;3:13:40.45;+0:37:48.0;0.213;54377.3
SN18485;SNIa;2007nu;3:11:50.19;-0:41:32.7;0.279;54386.1
SN18486;SNIa;2007ln;3:40:43.21;+1:0:11.1;0.246;54387
SN18583;;;20:44:4.52;-1:12:14.5;0.1721199;54387
SN18590;SNII;2007nw;20:47:11.37;-1:15:26.0;0.0572128;54369
SN18596;SNII;2007ld;20:49:29.59;+0:0:14.0;0.023;54385
SN18602;SNIa;2007lo;22:35:56.06;+0:36:33.3;0.135;54391.6
SN18604;SNIa;2007lp;22:43:41.02;+0:25:17.0;0.178;54386.1
SN18612;SNIa;2007lc;0:49:9.10;+0:35:49.0;0.1149284;54381.9
SN18617;SNIa;2007mw;23:3:2.76;+0:50:57.0;0.322;54373.9
SN18643;SNIa;2007lv;23:24:47.97;+0:56:40.4;0.1184631;54386.8
SN18650;SNIa;2007lt;21:53:47.34;+0:0:54.2;0.114;54385.8
SN18697;SNIa;2007ma;0:44:53.75;-0:59:49.4;0.1072617;54381.8
SN18700;SNII;2007md;1:21:56.85;-1:0:47.7;0.0545031;54389
SN18709;SNII;2007nx;0:3:48.36;+0:21:31.3;0.0998373;54364.7
SN18713;SNII;2007lz;0:31:23.21;+0:19:8.0;0.099;54383
SN18714;;;0:31:57.43;+0:18:38.2;0.2206236;54383
SN18721;SNIa;2007mu;0:12:18.56;-0:4:38.3;0.393;54364.1
SN18734;SNII;2007lx;0:11:39.27;-0:28:24.1;0.0579237;54384
SN18740;SNIa;2007mc;1:7:25.28;+1:2:37.5;0.157;54390.8
SN18749;SNIa;2007mb;0:50:11.36;+0:40:31.5;0.188;54381.6
SN18751;SNIa;2007ly;0:22:53.37;+0:46:33.5;0.07102;54370
SN18768;SNIa;2007lh;1:8:52.02;+1:11:52.4;0.198;54376.7
SN18771;SNII;2007oe;0:24:10.34;+0:46:30.2;0.251;
SN18782;SNIa;2007ns;2:37:2.97;-0:51:59.8;0.377;54374.2
SN18787;SNIa;2007mf;1:58:55.14;-1:1:37.5;0.193;54384.7
SN18792;;;2:46:1.24;-0:59:37.0;0.2008788;54384.7
SN18793;SNII;2007og;2:48:20.54;-0:58:10.7;0.204;54391.5
SN18804;SNIa;2007me;1:41:3.75;-0:26:54.4;0.192;54389.8
SN18807;SNIa;2007mg;3:6:33.83;+0:47:35.9;0.177;54387.6
SN18809;SNIa;2007mi;3:23:31.52;+0:39:59.9;0.129;54382
SN18834;SNII;2007ny;1:40:55.52;+0:13:7.8;0.143;54363
SN18835;SNIa;2007mj;3:34:44.44;+0:21:19.8;0.1231858;54390.9
SN18846;;;2:36:54.68;+0:22:42.5;0.4326721;54390.9
SN18855;SNIa;2007mh;3:14:31.76;+0:16:11.3;0.1278315;54383.8
SN20039;SNIa;2007qh;0:39:30.87;+1:1:27.6;0.247;54402.9
SN20088;SNIa;;0:52:49.25;+0:37:53.4;0.2449;54404.3
SN18890;SNIa;2007mm;1:5:46.67;-0:45:31.8;0.0664693;54392
SN18892;SNII;2007nv;0:5:30.34;-1:12:16.4;0.138;54390
SN18903;SNIa?(SP);2007lr;0:49:0.34;-0:19:26.5;0.1562221;54389.7
SN18909;SNIa?(SP);2007lq;0:23:7.86;+0:59:0.4;0.234;54386.8
SN18925;;;3:49:24.70;-1:10:29.5;0.3624671;54386.8
SN18927;SNIa;2007nt;3:6:43.79;-0:45:14.5;0.214;54384.5
SN18940;SNIa;2007sb;0:41:23.75;+0:24:43.0;0.22;54394.7
SN18945;SNIa;2007nd;0:40:18.82;-1:2:14.5;0.27;54387.2
SN18956;;;1:56:27.95;+0:48:25.2;0.2121852;54387.2
SN18959;SNIa?(SP);2007ng;2:25:38.10;+0:42:34.5;0.4013009;54388.2
SN18965;SNIa;2007ne;0:54:2.19;+1:4:8.5;0.206;54392.5
SN18984;SNII;;2:5:36.19;-0:58:53.4;0.1549781;54366.1
SN19002;SNIa;2007nh;2:50:27.69;-0:33:4.2;0.268;54388.5
SN19003;SNIa;2007mp;21:16:35.63;-0:46:11.6;0.0605552;54393
SN19008;SNIa;2007mz;22:7:51.20;-1:4:11.8;0.219;54390.9
SN19023;SNIa;2007ls;20:28:28.07;+0:0:22.5;0.243;54387.3
SN19025;SNIa;2007mx;21:14:10.87;-0:17:46.5;0.406;54374.1
SN19027;SNIa;2007my;21:55:32.20;-0:22:19.2;0.295;54383.1
SN19029;SNIa;2007lu;22:1:34.90;-0:15:24.7;0.316;54384.9
SN19033;SNIa;2007of;21:4:56.27;+0:3:39.6;0.398;54383.7
SN19067;SNIa;2007oq;21:42:30.75;+0:59:4.6;0.355;54382.9
SN19070;SNIa;2007na;22:13:32.79;+0:52:49.8;0.457;54383.9
SN19077;;;23:53:44.02;+0:52:17.1;0.6534827;54383.9
SN19084;;;1:22:54.62;+1:1:6.9;0.1996046;54383.9
SN19087;;;23:8:17.29;-0:21:28.7;0.4632747;54383.9
SN19101;SNIa;2007ml;0:31:53.45;+0:8:17.9;0.187;54392.5
SN19127;;;23:36:6.65;-0:37:37.4;0.2877357;54392.5
SN19128;SNIa;2007lw;23:36:48.91;-0:46:56.0;0.287;54381.9
SN19149;SNIa;2007ni;2:5:50.40;-0:19:54.7;0.196;54395.8
SN19155;SNIa;2007mn;2:5:3.96;+0:10:28.4;0.0768839;54400
SN19160;;;3:42:51.38;+0:4:52.3;0.77122;54400
SN19174;SNIa;2007or;1:42:38.33;+1:1:49.4;0.1647;54392.8
SN19207;SNIa;2007oa;22:13:51.35;-0:55:13.0;0.2587;54385.1
SN19211;SNIa;2007oh;20:52:36.92;-0:27:14.3;0.404;54386.3
SN20038;SNII;2007pg;23:27:49.60;+0:27:26.9;0.1188926;54375.9
SN19220;SNIa?(SP);2007ox;22:46:58.08;-0:4:18.6;0.203;54394.5
SN19222;SNII;2007nl;23:13:44.92;-0:4:3.5;0.1683;54389
SN19230;SNIa;2007mo;22:11:33.84;+0:45:53.2;0.221;54387.6
SN19282;SNIa;2007mk;23:56:17.33;-0:30:21.1;0.177;54395.2
SN19323;SNIb;2007nc;0:1:9.30;+1:4:6.4;0.086736;54393
SN19341;SNIa;2007nf;1:3:26.47;+0:19:53.0;0.228;54391.8
SN19353;SNIa;2007nj;2:52:27.45;+0:15:6.5;0.1540343;54397.7
SN19365;SNIa?(SP);2007os;1:57:38.65;-0:31:19.7;0.369;54383.9
SN19381;SNIa;2007nk;3:20:56.53;+1:3:29.3;0.21;54391.7
SN19389;SNIa?(SP);2007nz;3:25:11.35;-0:6:22.6;0.464;54380.8
SN19425;SNIa;2007ow;21:34:2.09;-0:44:25.9;0.2116;54390.5
SN19504;SNII;;0:54:39.68;-0:25:23.8;0.215;54370.7
SN19543;SNIa;2007oj;23:51:38.00;+0:16:47.4;0.123;54400
SN19550;;;0:1:45.00;+0:19:1.0;0.4609555;54400
SN19596;SNIa;2007po;3:35:32.23;+0:42:12.1;0.292;54391.4
SN19604;SNIa;2007oi;0:21:17.87;+1:4:28.3;0.296;54395.1
SN22182;SNIa;2007sm;21:22:50.57;+0:25:17.9;0.072;54448.3
SN21064;SNII;2007qb;0:59:18.72;-0:56:49.4;0.0792524;54415
SN19616;SNIa;2007ok;2:28:24.27;+0:11:4.8;0.1654854;54402.8
SN19625;SNIa?(SP);2007pn;2:16:33.91;-0:43:20.5;0.312;54393.3
SN19626;SNIa;2007ou;2:23:42.69;-0:49:33.6;0.1132211;54401
SN19632;SNIa;2007ov;2:41:8.76;+0:8:40.0;0.308;54391.8
SN19658;SNIa;2007ot;0:35:36.77;-0:13:57.7;0.2;54399.6
SN19702;SNIa;2007pp;3:11:1.16;+0:21:24.3;0.269;54393.2
SN19757;SNIa;2007oy;23:17:55.45;+1:13:22.2;0.403;54395.1
SN19775;SNIa;2007pc;21:15:49.46;+0:39:4.6;0.1379;54402.9
SN19794;SNIa;2007oz;23:57:16.57;+0:14:57.7;0.2969775;54393.5
SN19818;SNIa;2007pe;2:21:4.01;+0:29:47.1;0.293;54395
SN20044;;;22:20:0.57;+1:7:42.4;0.4799638;54395
SN20048;SNIa;2007pq;22:37:13.94;+0:44:11.0;0.182;54402.7
SN19899;SNIa;2007pu;22:45:58.15;-0:38:55.4;0.0914;54419.5
SN19913;SNIa;2007qf;22:15:3.00;-0:20:28.5;0.207;54398.9
SN19940;SNIa;2007pa;21:1:34.45;-0:16:6.6;0.147;54405.7
SN19953;SNIa;2007pf;22:11:43.32;+0:34:44.7;0.119;54414.6
SN19968;SNIa;2007ol;1:37:23.70;-0:18:43.2;0.056032;54413
SN19969;SNIa;2007pt;2:7:38.51;-0:19:26.4;0.1752423;54402
SN19990;SNIa;2007ps;2:19:13.53;-0:23:5.4;0.246;54400.6
SN19992;SNIa;2007pb;23:48:25.00;-1:11:6.0;0.226;54402.5
SN20051;SNIa;2007pv;21:59:45.15;+1:7:37.0;0.262;54410
SN20064;SNIa;2007om;23:54:20.69;-0:55:3.4;0.1052365;54411.9
SN20084;SNIa;2007pd;23:11:54.07;-0:34:41.1;0.131;54405.7
SN20095;;;21:59:1.71;-0:4:58.2;0.4726417;54405.7
SN20106;SNIa;2007pr;23:6:13.03;+0:19:44.3;0.333;54400.2
SN20111;SNIa;2007pw;23:37:34.65;+0:14:53.2;0.245;54405.1
SN20142;SNIa;2007qg;1:32:1.97;-0:25:47.0;0.316;54408.9
SN20144;SNIa;2007ql;21:29:43.66;+0:26:40.6;0.22;54413.9
SN20153;;;21:57:44.17;+0:53:3.8;0.2675847;54413.9
SN20156;;;22:19:56.75;+0:59:13.5;0.468247;54413.9
SN20184;SNIa;2007qn;23:59:9.24;+1:9:30.0;0.318;54411.9
SN20186;SNIa;2007pj;23:49:10.69;+0:47:52.3;0.354;54408.9
SN20208;SNIa;2007qd;2:9:33.56;-1:0:2.2;0.0431366;54378.8
SN20227;SNIa;2007qi;23:16:28.80;-0:5:54.6;0.284;54402
SN20245;SNIa;2007pi;22:46:49.33;+0:45:22.6;0.302;54409.1
SN20530;SNII;;0:3:40.22;-0:16:50.0;0.0613287;54411
SN20304;;;3:32:11.84;+0:24:31.1;0.5086418;54411
SN20345;SNIa;2007qp;0:42:48.42;+0:22:47.0;0.265;54418
SN20350;SNIa;2007ph;20:51:13.40;-0:57:21.0;0.1293897;54412
SN20364;SNIa;2007qo;1:43:1.59;-0:56:43.7;0.215;54418.9
SN20376;SNIa;2007re;21:17:34.92;-0:31:26.2;0.195;54415.8
SN20381;;;23:31:37.86;-0:31:6.8;0.2778284;54415.8
SN20382;;;0:57:5.33;-0:26:56.4;0.3617078;54415.8
SN20420;SNIa;2007qw;22:35:29.01;+0:28:56.2;0.1506285;54379.4
SN20430;SNIa;2007qj;20:49:40.04;+0:28:7.1;0.164;54413.9
SN20432;SNIa;2007qk;21:3:14.12;+0:27:26.5;0.303;54405.1
SN20458;;;2:27:41.99;+0:28:17.3;0.3841983;54405.1
SN20470;SNIa;2007pz;3:30:25.18;+1:0:34.0;0.125;54417.8
SN20493;;;23:31:35.39;-1:2:37.3;0.4196716;54417.8
SN20528;SNIa;2007qr;2:52:29.23;-1:8:22.3;0.1359566;54414.9
SN20533;SNIa;2007qt;3:29:25.40;-0:38:46.7;0.302;54418.4
SN20575;SNIa;2007rh;21:41:3.77;+0:8:33.2;0.196;54414.9
SN20581;SNIa;2007qm;22:30:48.72;+0:0:38.7;0.207;54415.5
SN20625;SNIa;2007px;0:22:44.01;-0:28:44.4;0.1079639;54422
SN20648;;;22:49:31.32;+0:43:50.9;0.0953427;54422
SN20677;SNIc;2007qx;0:27:41.78;+1:13:59.6;0.0803909;54420
SN20687;SNIa;2007ri;1:6:52.35;+1:9:14.6;0.189;54419.7
SN20764;SNIa;2007ro;1:44:28.99;+0:13:47.2;0.165;54421.8
SN20768;SNIa;2007qq;2:42:30.21;-0:58:16.2;0.235;54413.6
SN20794;;;21:1:21.52;+0:11:27.9;0.6617436;54413.6
SN22284;SNIa;2007sn;22:14:4.42;-0:12:47.5;0.133;54440.7
SN20821;SNIa;2007rk;3:42:17.43;+1:3:47.3;0.195;54408.8
SN20834;SNIa;2007rr;1:1:47.80;-0:41:37.1;0.188;54424.7
SN20838;SNIc;2007qv;22:35:7.91;-1:6:37.6;0.0949723;54416
SN20862;SNIa;2007rn;23:58:1.40;-0:44:15.2;0.26;54422
SN20889;SNIa;2007py;3:29:31.60;+0:30:56.1;0.2093901;54415.5
SN20934;SNIa;2007rm;2:21:45.09;+0:51:52.1;0.302;54422.1
SN20960;;;0:30:5.64;-0:22:37.9;0.2148237;54422.1
SN20978;SNIa;2007rl;2:21:33.07;-0:22:29.8;0.324;54419.9
SN20988;;;23:38:49.80;+0:8:11.1;0.5560949;54419.9
SN21006;SNIa;2007qs;3:11:46.02;+0:5:30.9;0.291;54410.4
SN21033;SNIa;2007qy;1:55:15.28;+0:38:35.2;0.229;54420.9
SN21034;SNIa;2007qa;1:52:33.93;+1:14:38.6;0.1085583;54426.5
SN21042;SNIa;2007qz;21:0:2.78;+0:49:39.3;0.312;54419.9
SN21062;SNIa;2007rp;22:13:43.58;+0:23:46.7;0.147;54423.8
SN21585;;;0:43:21.19;-0:1:55.6;0.5194062;54423.8
SN21362;SNII;2007sd;3:32:0.58;-0:39:42.7;0.083;54425.1
SN21422;SNIa;2007rq;0:53:32.11;+0:54:1.0;0.267;54422
SN21455;SNIa;2007sc;2:15:11.87;+0:32:9.3;0.257;54424.9
SN21502;SNIa;2007ra;23:34:23.95;-0:53:25.2;0.0891632;54427
SN21510;SNIa;2007sh;0:29:24.67;+0:49:53.4;0.1497195;54430.7
SN21570;;;2:30:44.90;+1:12:46.1;0.2661708;54430.7
SN21593;;;2:19:0.58;-0:10:9.9;2.3434191;54430.7
SN21669;SNIa;2007rs;0:46:27.40;-1:3:44.2;0.1240713;54429
SN21807;;;23:9:20.26;+0:45:23.5;0.0323993;54429
SN21810;SNIa;2007se;22:12:37.10;+0:47:48.2;0.175;
SN21814;SNIa;2007sf;22:48:59.11;+1:12:21.9;0.096;54433.6
SN21837;;;22:57:31.06;+0:24:43.1;0.3547977;54433.6
SN21839;SNIa;2007sl;21:13:42.82;-0:50:16.0;0.0938186;54438.5
SN21861;SNIa;2007sg;23:19:26.09;-0:54:5.9;0.188;54432.1
SN22073;SNII;2007sk;1:27:5.25;+1:12:54.5;0.235;54430.8
SN22075;SNIa;2007si;1:59:51.14;+1:12:59.3;0.1299636;54426
SN22168;;;0:58:56.26;-0:42:46.8;0.2648485;54426